Id;Designator;Package;Quantity;Designation;Supplier and ref
1;I2;RESC1607X60N;1;47K;
2;P4;RESC1607X60N;7;0R;ONLY FOR 500 PCS EACH OF THEM IS FOR DIFFERENT 500 PARTY
3;P7;RESC1607X60N;7;0R;ONLY FOR 500 PCS EACH OF THEM IS FOR DIFFERENT 500 PARTY
4;P3;RESC1607X60N;7;0R;ONLY FOR 500 PCS EACH OF THEM IS FOR DIFFERENT 500 PARTY
5;P8;RESC1607X60N;7;0R;ONLY FOR 500 PCS EACH OF THEM IS FOR DIFFERENT 500 PARTY
6;P2;RESC1607X60N;7;0R;ONLY FOR 500 PCS EACH OF THEM IS FOR DIFFERENT 500 PARTY
7;P5;RESC1607X60N;7;0R;ONLY FOR 500 PCS EACH OF THEM IS FOR DIFFERENT 500 PARTY
8;P1;RESC1607X60N;7;0R;ONLY FOR 1000 PCS EACH OF THEM IS FOR DIFFERENT 500 PARTY
9;J1,J2;RJ45_OST_PJ012-8P8CX_Vertical;2;RJ45;
10;I1;RESC1607X60N;1;22K;
11;XA1,XA2;Hirose_DF63M-2P-3.96DSA_1x02_P3.96mm_Vertical;2;B2P-VH(LF)(SN);